Table 8,,,,,,,,,,,,,
NEW YORK,,,,,,,,,,,,,
Offenses Known to Law Enforcement,,,,, ,,,,,,,,
"by City, 2013",,,,,,,,,,,,,
City,Population,"Violent
crime","Murder and
nonnegligent
manslaughter","Rape
(revised
definition)1","Rape
(legacy
definition)2",Robbery,"Aggravated
assault","Property
crime",Burglary,"Larceny-
theft","Motor
vehicle
theft",Arson3,Pop_sq
Adams Village,"1,861",0,0,,0,0,0,12,2,10,0,0,"3,463,321"
Addison Town and Village,"2,577",3,0,,0,0,3,24,3,20,1,0,"6,640,929"
Akron Village,"2,846",3,0,,0,0,3,16,1,15,0,0,"8,099,716"
Albany,"97,956",791,8,,30,227,526,"4,090",705,"3,243",142,,"9,595,377,936"
Albion Village,"6,388",23,0,,3,4,16,223,53,165,5,,"40,806,544"
Alfred Village,"4,089",5,0,,0,3,2,46,10,36,0,,"16,719,921"
Allegany Village,"1,781",3,0,,0,0,3,10,0,10,0,0,"3,171,961"
Amherst Town,"118,296",107,1,,7,31,68,"2,118",204,"1,882",32,3,"13,993,943,616"
Amityville Village,"9,519",9,0,,2,4,3,210,16,188,6,1,"90,611,361"
Amsterdam,"18,182",30,0,,0,12,18,405,99,291,15,0,"330,585,124"
Arcade Village,"2,053",0,0,,0,0,0,39,3,35,1,0,"4,214,809"
Ardsley Village,"4,523",5,0,,0,3,2,33,4,28,1,0,"20,457,529"
Asharoken Village,658,0,0,,0,0,0,2,0,2,0,0,"432,964"
Attica Village,"2,522",2,0,,0,0,2,5,0,4,1,0,"6,360,484"
Auburn,"27,270",96,1,,20,22,53,859,132,721,6,,"743,652,900"
Avon Village,"3,333",1,0,,0,1,0,25,3,20,2,,"11,108,889"
Baldwinsville Village,"7,473",5,0,,0,1,4,88,10,77,1,0,"55,845,729"
Ballston Spa Village,"5,418",8,0,,0,3,5,94,16,78,0,1,"29,354,724"
Batavia,"15,374",57,0,,7,13,37,559,103,454,2,,"236,359,876"
Bath Village,"5,733",15,0,,1,3,11,191,32,157,2,2,"32,867,289"
Bedford Town,"17,627",5,0,,0,1,4,156,26,127,3,,"310,711,129"
Bethlehem Town,"34,243",13,0,,0,3,10,442,50,388,4,,"1,172,583,049"
Binghamton,"46,304",284,3,,19,101,161,"2,349",525,"1,767",57,,"2,144,060,416"
Black River,"1,410",0,0,,0,0,0,14,2,12,0,0,"1,988,100"
Blooming Grove Town,"12,001",8,0,,1,0,7,99,20,72,7,,"144,024,001"
Bolivar Village,"1,022",1,0,,0,0,1,4,2,2,0,0,"1,044,484"
Bolton Town,"2,325",2,0,,0,0,2,24,4,20,0,0,"5,405,625"
Boonville Village,"2,054",1,0,,0,0,1,20,6,14,0,0,"4,218,916"
Brant Town,"2,065",4,0,,0,1,3,31,9,20,2,0,"4,264,225"
Brewster,"2,358",0,0,,0,0,0,13,3,10,0,0,"5,560,164"
Briarcliff Manor Village,"7,976",1,0,,0,0,1,11,1,10,0,0,"63,616,576"
Brighton Town,"36,689",26,1,,2,10,13,793,142,623,28,,"1,346,082,721"
Brockport Village,"8,284",23,1,,1,5,16,165,29,132,4,,"68,624,656"
Bronxville Village,"6,390",0,0,,0,0,0,47,5,39,3,0,"40,832,100"
Brownville Village,"1,174",0,0,,0,0,0,10,0,10,0,0,"1,378,276"
Buffalo,"258,789","3,249",47,,145,"1,322","1,735","12,491","3,458","8,076",957,,"66,971,746,521"
Cairo Town,"6,577",0,0,,0,0,0,15,1,14,0,,"43,256,929"
Cambridge Village,"1,854",2,0,,0,0,2,44,12,31,1,,"3,437,316"
Camden Village,"2,219",5,0,,0,0,5,46,4,42,0,0,"4,923,961"
Camillus Town and Village,"24,165",14,0,,1,0,13,348,36,307,5,1,"583,947,225"
Canandaigua,"10,470",22,0,,0,9,13,315,54,253,8,,"109,620,900"
Canastota Village,"4,704",4,0,,0,0,4,60,8,51,1,,"22,127,616"
Canisteo Village,"2,246",3,0,,0,1,2,12,3,9,0,0,"5,044,516"
Canton Village,"6,794",3,0,,0,1,2,93,12,80,1,,"46,158,436"
Cape Vincent Village,762,0,0,,0,0,0,2,0,2,0,0,"580,644"
Carmel Town,"34,462",10,0,,2,0,8,198,31,158,9,1,"1,187,629,444"
Carroll Town,"3,481",0,0,,0,0,0,8,3,5,0,0,"12,117,361"
Carthage Village,"3,862",1,0,,1,0,0,60,12,47,1,,"14,915,044"
Cattaraugus Village,980,0,0,,0,0,0,4,0,4,0,0,"960,400"
Cayuga Heights Village,"3,749",1,0,,0,1,0,59,12,47,0,,"14,055,001"
Cazenovia Village,"2,732",0,0,,0,0,0,58,5,52,1,,"7,463,824"
Central Square Village,"1,835",3,0,,0,2,1,53,6,45,2,0,"3,367,225"
Chatham Village,"1,733",3,0,,0,0,3,32,5,27,0,0,"3,003,289"
Cheektowaga Town,"78,361",158,0,,11,48,99,"2,689",345,"2,271",73,2,"6,140,446,321"
Chester Town,"7,990",0,0,,0,0,0,25,9,16,0,,"63,840,100"
Chittenango Village,"5,016",1,0,,0,0,1,65,11,53,1,,"25,160,256"
Cicero Town,"29,571",12,0,,0,2,10,440,45,393,2,,"874,444,041"
Clarkstown Town,"80,705",65,0,,8,17,40,"1,515",99,"1,388",28,,"6,513,297,025"
Clyde Village,"2,049",4,0,,0,3,1,60,16,43,1,,"4,198,401"
Cobleskill Village,"4,503",5,0,,0,3,2,218,14,204,0,1,"20,277,009"
Coeymans Town,"7,458",39,0,,2,0,37,86,13,69,4,1,"55,621,764"
Cohoes,"16,179",26,0,,1,11,14,243,65,163,15,,"261,760,041"
Colonie Town,"78,215",63,0,,0,31,32,"1,990",186,"1,753",51,10,"6,117,586,225"
Cooperstown Village,"1,827",1,0,,0,0,1,16,2,14,0,,"3,337,929"
Corning,"11,087",35,0,,3,8,24,416,63,349,4,0,"122,921,569"
Cornwall-on-Hudson Village,"2,978",2,0,,0,0,2,22,8,14,0,,"8,868,484"
Cornwall Town,"9,543",1,0,,0,0,1,42,10,32,0,,"91,068,849"
Cortland,"19,331",18,0,,3,3,12,398,88,306,4,1,"373,687,561"
Crawford Town,"9,264",11,0,,0,2,9,113,16,97,0,,"85,821,696"
Croton-on-Hudson Village,"8,180",1,0,,0,1,0,53,8,43,2,,"66,912,400"
Cuba Town,"3,209",5,0,,1,0,4,81,7,72,2,0,"10,297,681"
Dansville Village,"4,605",2,0,,0,1,1,152,24,120,8,0,"21,206,025"
Deerpark Town,"7,827",7,0,,2,2,3,152,52,100,0,,"61,261,929"
Delhi Village,"2,985",1,0,,0,0,1,36,4,30,2,,"8,910,225"
Depew Village,"15,189",17,0,,3,2,12,310,54,251,5,2,"230,705,721"
Deposit Village,"1,628",0,0,,0,0,0,14,6,8,0,0,"2,650,384"
Dewitt Town,"22,681",20,0,,0,10,10,715,85,618,12,0,"514,427,761"
Dexter Village,"1,122",0,0,,0,0,0,8,2,6,0,0,"1,258,884"
Dobbs Ferry Village,"11,021",1,0,,0,0,1,104,13,89,2,0,"121,462,441"
Dolgeville Village,"2,191",7,0,,0,0,7,41,6,34,1,,"4,800,481"
Dryden Village,"1,913",3,0,,0,1,2,99,6,93,0,,"3,659,569"
Dunkirk,"12,329",40,0,,0,12,28,307,78,228,1,,"152,004,241"
East Aurora-Aurora Town,"13,774",5,0,,0,2,3,131,24,105,2,0,"189,723,076"
Eastchester Town,"19,800",2,0,,0,0,2,168,13,154,1,0,"392,040,000"
East Fishkill Town,"29,315",9,1,,0,1,7,165,18,141,6,,"859,369,225"
East Greenbush Town,"16,470",12,0,,0,4,8,373,36,330,7,4,"271,260,900"
East Hampton Town,"19,674",20,0,,2,1,17,300,56,237,7,,"387,066,276"
East Hampton Village,"1,104",0,0,,0,0,0,66,4,60,2,0,"1,218,816"
East Rochester Village,"6,596",8,1,,0,3,4,125,25,97,3,,"43,507,216"
East Syracuse Village,"3,036",8,0,,0,4,4,147,19,121,7,0,"9,217,296"
Eden Town,"7,684",1,0,,0,0,1,31,7,24,0,0,"59,043,856"
Ellenville Village,"4,124",17,0,,1,2,14,173,41,132,0,1,"17,007,376"
Ellicott Town,"5,144",7,0,,1,1,5,288,53,235,0,,"26,460,736"
Elmira,"28,921",81,0,,2,29,50,"1,027",224,790,13,,"836,424,241"
Elmira Heights Village,"4,079",2,0,,0,1,1,89,9,78,2,0,"16,638,241"
Elmira Town,"5,948",0,0,,0,0,0,1,0,1,0,0,"35,378,704"
Endicott Village,"13,122",46,0,,4,13,29,604,138,455,11,,"172,186,884"
Evans Town,"16,292",17,0,,1,1,15,313,48,259,6,5,"265,429,264"
Fairport Village,"5,335",5,0,,1,0,4,53,13,37,3,,"28,462,225"
Fallsburg Town,"12,109",22,1,,0,0,21,162,65,96,1,,"146,627,881"
Fishkill Town,"20,435",3,0,,0,1,2,276,28,243,5,0,"417,589,225"
Floral Park Village,"15,926",14,0,,2,7,5,72,16,44,12,0,"253,637,476"
Florida Village,"2,842",0,0,,0,0,0,44,5,39,0,,"8,076,964"
Fort Plain Village,"2,265",4,0,,0,1,3,90,23,65,2,,"5,130,225"
Frankfort Town,"5,033",0,0,,0,0,0,50,22,27,1,,"25,331,089"
Frankfort Village,"2,579",5,0,,0,0,5,33,4,28,1,,"6,651,241"
Franklinville Village,"1,702",1,0,,0,1,0,32,0,32,0,0,"2,896,804"
Fredonia Village,"10,988",10,0,,2,5,3,208,26,182,0,,"120,736,144"
Freeport Village,"43,214",152,0,,2,76,74,933,168,698,67,8,"1,867,449,796"
Friendship Town,"1,960",0,0,,0,0,0,16,6,10,0,0,"3,841,600"
Fulton City,"11,739",24,0,,3,7,14,463,81,376,6,1,"137,804,121"
Garden City Village,"22,596",10,0,,0,4,6,346,33,303,10,2,"510,579,216"
Gates Town,"28,468",57,0,,4,19,34,"1,051",95,922,34,,"810,427,024"
Geddes Town,"10,442",7,0,,0,2,5,251,21,222,8,1,"109,035,364"
Geneseo Village,"7,891",6,0,,3,3,0,162,7,155,0,0,"62,267,881"
Geneva,"13,194",28,1,,4,5,18,343,65,275,3,1,"174,081,636"
Germantown Town,"1,926",0,0,,0,0,0,9,2,7,0,0,"3,709,476"
Glen Cove,"27,134",3,0,,0,1,2,62,5,54,3,0,"736,253,956"
Glen Park Village,526,0,0,,0,0,0,5,0,5,0,0,"276,676"
Glens Falls,"14,582",22,0,,2,3,17,343,50,288,5,,"212,634,724"
Glenville Town,"21,839",13,0,,0,2,11,492,57,424,11,,"476,941,921"
Gloversville,"15,315",33,0,,9,6,18,686,111,560,15,0,"234,549,225"
Goshen Village,"5,400",2,0,,1,1,0,64,2,62,0,0,"29,160,000"
Gowanda Village,"2,663",5,0,,0,0,5,29,11,16,2,,"7,091,569"
Granville Village,"2,498",6,0,,1,0,5,26,7,19,0,1,"6,240,004"
Great Neck Estates Village,"2,794",0,0,,0,0,0,20,6,12,2,0,"7,806,436"
Greece Town,"96,667",151,0,,9,60,82,"2,303",332,"1,925",46,,"9,344,508,889"
Greenburgh Town,"44,787",48,1,,5,16,26,578,55,501,22,,"2,005,875,369"
Greene Village,"1,553",0,0,,0,0,0,1,1,0,0,0,"2,411,809"
Green Island Village,"2,621",2,0,,0,1,1,42,7,31,4,,"6,869,641"
Greenport Town,"4,065",2,0,,0,1,1,213,10,201,2,,"16,524,225"
Greenwood Lake Village,"3,118",2,0,,0,0,2,21,3,16,2,,"9,721,924"
Groton Village,"2,381",2,0,,2,0,0,38,6,31,1,,"5,669,161"
Guilderland Town,"33,805",12,0,,3,5,4,672,48,623,1,,"1,142,778,025"
Hamburg Town,"45,535",38,1,,1,12,24,"1,167",134,"1,012",21,6,"2,073,436,225"
Hamburg Village,"9,517",8,0,,2,0,6,161,40,121,0,0,"90,573,289"
Hammondsport Village,656,0,0,,0,0,0,10,1,9,0,0,"430,336"
Harrison Town,"27,876",6,0,,0,1,5,225,27,194,4,,"777,071,376"
Hastings-on-Hudson Village,"7,937",1,0,,0,1,0,81,4,75,2,0,"62,995,969"
Haverstraw Town,"37,196",64,0,,3,16,45,340,83,244,13,3,"1,383,542,416"
Hempstead Village,"55,198",433,10,,3,204,216,958,206,630,122,2,"3,046,819,204"
Herkimer Village,"7,693",53,0,,9,3,41,379,49,330,0,1,"59,182,249"
Highland Falls Village,"3,847",3,0,,0,0,3,39,8,31,0,0,"14,799,409"
Homer Village,"3,270",0,0,,0,0,0,33,3,29,1,0,"10,692,900"
Hoosick Falls Village,"3,466",9,0,,1,1,7,38,10,26,2,,"12,013,156"
Hornell,"8,481",5,0,,0,0,5,112,18,94,0,,"71,927,361"
Horseheads Village,"6,701",2,0,,0,0,2,110,20,90,0,0,"44,903,401"
Hudson,"6,676",26,0,,1,8,17,198,25,172,1,,"44,568,976"
Hudson Falls Village,"7,187",6,0,,0,2,4,112,22,90,0,,"51,652,969"
Huntington Bay Village,"1,428",1,0,,0,0,1,12,0,11,1,1,"2,039,184"
Hyde Park Town,"21,397",18,0,,3,4,11,180,42,133,5,0,"457,831,609"
Ilion Village,"8,002",15,0,,1,2,12,128,21,106,1,,"64,032,004"
Irondequoit Town,"51,506",93,1,,6,51,35,"1,353",271,"1,049",33,,"2,652,868,036"
Irvington Village,"6,530",0,0,,0,0,0,23,4,19,0,0,"42,640,900"
Jamestown,"30,658",168,0,,19,39,110,"1,140",281,829,30,,"939,912,964"
Johnson City Village,"14,866",69,1,,6,20,42,949,111,828,10,,"220,997,956"
Johnstown,"8,531",14,0,,1,4,9,316,29,273,14,,"72,777,961"
Jordan Village,"1,350",1,0,,0,0,1,2,0,2,0,0,"1,822,500"
Kenmore Village,"15,256",26,1,,2,10,13,220,34,181,5,0,"232,745,536"
Kent Town,"13,381",1,0,,1,0,0,98,22,71,5,0,"179,051,161"
Kings Point Village,"5,042",1,0,,0,0,1,16,4,11,1,0,"25,421,764"
Kingston,"23,665",74,1,,4,25,44,687,112,565,10,1,"560,032,225"
Kirkland Town,"8,296",0,0,,0,0,0,103,21,81,1,,"68,823,616"
Lackawanna,"17,965",89,1,,13,11,64,533,100,398,35,3,"322,741,225"
Lake Placid Village,"2,491",2,0,,0,0,2,51,11,38,2,1,"6,205,081"
Lake Success Village,"3,009",2,0,,0,0,2,32,10,21,1,,"9,054,081"
Lakewood-Busti,"7,280",1,0,,0,1,0,341,23,316,2,,"52,998,400"
Lancaster Town,"36,369",15,0,,1,4,10,547,44,494,9,0,"1,322,704,161"
Larchmont Village,"5,930",2,0,,0,0,2,87,8,77,2,,"35,164,900"
Le Roy Village,"4,354",11,0,,2,1,8,84,17,67,0,,"18,957,316"
Lewiston Town and Village,"16,175",12,0,,0,1,11,134,30,96,8,,"261,630,625"
Liberty Village,"4,285",21,0,,2,2,17,206,43,160,3,,"18,361,225"
Little Falls,"4,912",16,0,,3,1,12,130,18,111,1,,"24,127,744"
Liverpool Village,"2,311",2,0,,0,1,1,46,6,39,1,0,"5,340,721"
Lloyd Harbor Village,"3,683",0,0,,0,0,0,18,2,16,0,0,"13,564,489"
Lloyd Town,"10,751",6,0,,0,0,6,118,20,95,3,0,"115,584,001"
Lockport,"20,904",70,0,,6,24,40,649,120,523,6,,"436,977,216"
Long Beach,"33,534",35,0,,1,13,21,337,42,277,18,,"1,124,529,156"
Lowville Village,"3,457",2,0,,0,0,2,58,7,47,4,,"11,950,849"
Lynbrook Village,"19,528",12,0,,1,3,8,164,18,128,18,,"381,342,784"
Lyons Village,"3,543",27,0,,5,3,19,179,34,142,3,,"12,552,849"
Macedon Town and Village,"9,132",4,0,,0,1,3,61,7,52,2,,"83,393,424"
Malone Village,"5,881",4,0,,0,2,2,192,28,161,3,2,"34,586,161"
Malverne Village,"8,542",4,0,,0,3,1,21,3,17,1,0,"72,965,764"
Mamaroneck Town,"12,146",1,0,,0,1,0,158,16,141,1,0,"147,525,316"
Mamaroneck Village,"19,164",8,0,,1,2,5,181,23,150,8,0,"367,258,896"
Manchester Village,"1,688",0,0,,0,0,0,0,0,0,0,0,"2,849,344"
Manlius Town,"24,461",18,0,,0,4,14,402,56,343,3,0,"598,340,521"
Marcellus Village,"1,792",0,0,,0,0,0,13,2,11,0,0,"3,211,264"
Marlborough Town,"8,769",5,0,,0,1,4,135,35,97,3,1,"76,895,361"
Massena Village,"10,808",22,0,,2,2,18,410,52,358,0,,"116,812,864"
Mechanicville,"5,213",8,0,,0,3,5,114,21,89,4,,"27,175,369"
Medina Village,"5,953",12,0,,0,3,9,139,37,100,2,,"35,438,209"
Menands Village,"3,991",5,0,,0,1,4,101,13,87,1,,"15,928,081"
Middleport Village,"1,813",2,0,,0,0,2,19,1,16,2,0,"3,286,969"
Middletown,"27,809",114,1,,6,47,60,852,136,683,33,4,"773,340,481"
Monroe Village,"8,544",12,0,,0,5,7,137,16,118,3,0,"72,999,936"
Montgomery Town,"8,961",6,0,,2,1,3,114,22,91,1,,"80,299,521"
Montgomery Village,"4,188",2,0,,0,0,2,45,3,42,0,0,"17,539,344"
Monticello Village,"6,582",48,0,,4,16,28,276,107,164,5,,"43,322,724"
Moravia Village,"1,263",3,0,,0,0,3,15,0,15,0,0,"1,595,169"
Moriah Town,"3,628",7,0,,0,0,7,9,3,5,1,0,"13,162,384"
Mount Hope Town,"7,112",0,0,,0,0,0,32,6,25,1,,"50,580,544"
Mount Kisco Village,"11,028",17,0,,1,6,10,108,10,98,0,0,"121,616,784"
Mount Morris Village,"2,912",2,0,,0,1,1,74,10,63,1,,"8,479,744"
Mount Pleasant Town,"26,564",12,0,,0,6,6,226,25,198,3,0,"705,646,096"
Mount Vernon,"68,071",554,2,,7,228,317,"1,436",317,972,147,,"4,633,661,041"
Newark Village,"8,978",27,0,,3,7,17,334,71,261,2,,"80,604,484"
New Berlin Town,"1,622",0,0,,0,0,0,0,0,0,0,0,"2,630,884"
Newburgh,"28,571",435,5,,21,150,259,"1,040",304,673,63,15,"816,302,041"
Newburgh Town,"30,984",38,0,,5,15,18,"1,353",143,"1,182",28,2,"960,008,256"
New Castle Town,"17,864",2,0,,0,0,2,77,13,62,2,0,"319,122,496"
New Hartford Town and Village,"20,355",13,0,,1,3,9,806,72,730,4,,"414,326,025"
New Paltz Town and Village,"14,248",34,0,,4,4,26,200,16,180,4,0,"203,005,504"
New Rochelle,"78,800",175,0,,5,81,89,"1,391",150,"1,172",69,,"6,209,440,000"
New Windsor Town,"25,767",31,0,,1,8,22,471,65,394,12,4,"663,938,289"
New York,"8,396,126","52,384",335,,"1,112","19,170","31,767","141,971","16,606","117,931","7,434",,"70,494,931,807,876"
New York Mills Village,"3,324",2,0,,0,0,2,64,16,47,1,0,"11,048,976"
Niagara Falls,"49,574",584,3,,12,166,403,"2,807",746,"1,949",112,22,"2,457,581,476"
Niagara Town,"8,241",13,0,,0,2,11,489,48,427,14,,"67,914,081"
Niskayuna Town,"22,097",13,0,,1,5,7,341,51,282,8,,"488,277,409"
Nissequogue Village,"1,754",0,0,,0,0,0,8,1,6,1,0,"3,076,516"
North Castle Town,"12,077",3,0,,0,0,3,68,12,53,3,,"145,853,929"
North Greenbush Town,"12,137",8,0,,0,2,6,230,32,196,2,,"147,306,769"
Northport Village,"7,411",6,0,,0,1,5,59,11,44,4,2,"54,922,921"
North Syracuse Village,"6,964",10,0,,0,0,10,111,14,94,3,0,"48,497,296"
North Tonawanda,"31,176",41,1,,8,17,15,586,114,455,17,,"971,942,976"
Northville Village,"1,097",0,0,,0,0,0,1,0,1,0,0,"1,203,409"
Norwich,"7,049",15,0,,4,0,11,325,25,297,3,0,"49,688,401"
Ogdensburg,"11,072",23,0,,1,5,17,397,72,321,4,2,"122,589,184"
Ogden Town,"20,026",17,0,,2,6,9,208,24,176,8,,"401,040,676"
Old Brookville Village,"2,171",4,0,,0,1,3,54,16,28,10,0,"4,713,241"
Old Westbury Village,"4,625",1,0,,0,0,1,39,6,29,4,0,"21,390,625"
Olean,"14,150",40,0,,5,5,30,593,76,508,9,,"200,222,500"
Oneida,"11,220",18,0,,2,4,12,434,68,357,9,,"125,888,400"
Oneonta City,"13,825",21,0,,3,11,7,311,69,238,4,3,"191,130,625"
Orangetown Town,"37,438",37,0,,1,13,23,317,41,262,14,,"1,401,603,844"
Orchard Park Town,"29,386",16,0,,2,4,10,346,37,297,12,0,"863,536,996"
Oriskany Village,"1,385",0,0,,0,0,0,10,2,8,0,0,"1,918,225"
Ossining Village,"25,314",36,0,,0,21,15,243,46,192,5,0,"640,798,596"
Oswego City,"18,139",54,1,,3,13,37,630,83,533,14,,"329,023,321"
Owego Village,"3,818",9,0,,1,2,6,199,39,156,4,,"14,577,124"
Oxford Village,"1,433",2,0,,0,1,1,13,1,12,0,0,"2,053,489"
Oyster Bay Cove Village,"4,233",0,0,,0,0,0,19,3,16,0,0,"17,918,289"
Painted Post Village,"2,116",1,0,,0,0,1,73,5,66,2,1,"4,477,456"
Palmyra Village,"3,475",4,0,,0,0,4,41,9,31,1,,"12,075,625"
Peekskill,"23,908",30,0,,0,8,22,248,25,215,8,,"571,592,464"
Pelham Manor Village,"5,558",2,0,,0,1,1,147,14,130,3,,"30,891,364"
Pelham Village,"6,982",7,0,,1,2,4,172,22,149,1,,"48,748,324"
Penn Yan Village,"5,123",4,0,,1,1,2,111,21,89,1,0,"26,245,129"
Perry Village,"3,633",3,0,,0,0,3,99,14,84,1,,"13,198,689"
Piermont Village,"2,550",1,0,,1,0,0,19,6,13,0,,"6,502,500"
Pine Plains Town,"2,460",1,0,,0,0,1,12,1,9,2,0,"6,051,600"
Plattekill Town,"10,374",8,0,,1,2,5,106,28,77,1,,"107,619,876"
Plattsburgh City,"19,672",39,0,,3,4,32,483,79,396,8,,"386,987,584"
Pleasantville Village,"7,100",0,0,,0,0,0,22,1,21,0,0,"50,410,000"
Port Byron Village,"1,274",0,0,,0,0,0,0,0,0,0,0,"1,623,076"
Port Chester Village,"29,328",48,0,,2,19,27,572,67,483,22,0,"860,131,584"
Port Dickinson Village,"1,602",0,0,,0,0,0,31,0,31,0,0,"2,566,404"
Port Jervis,"8,689",15,1,,3,3,8,284,67,214,3,3,"75,498,721"
Portville Village,997,0,0,,0,0,0,8,1,7,0,0,"994,009"
Potsdam Village,"9,613",8,0,,1,0,7,190,17,168,5,,"92,409,769"
Poughkeepsie,"30,778",286,7,,16,100,163,787,189,589,9,,"947,285,284"
Poughkeepsie Town,"43,866",39,1,,1,12,25,"1,339",125,"1,203",11,,"1,924,225,956"
Pound Ridge Town,"5,200",3,0,,0,0,3,33,15,18,0,,"27,040,000"
Pulaski Village,"2,354",1,0,,0,0,1,57,12,44,1,0,"5,541,316"
Quogue Village,977,0,0,,0,0,0,41,13,27,1,0,"954,529"
Ramapo Town,"87,204",57,2,,5,9,41,567,88,466,13,,"7,604,537,616"
Red Hook Village,"1,947",1,0,,0,0,1,30,6,24,0,0,"3,790,809"
Rensselaer City,"9,517",19,0,,4,3,12,159,44,108,7,2,"90,573,289"
Rhinebeck Village,"2,635",2,0,,0,0,2,42,0,41,1,0,"6,943,225"
Riverhead Town,"33,789",64,0,,3,26,35,922,160,729,33,0,"1,141,696,521"
Rochester,"210,562","2,107",42,,92,918,"1,055","10,051","2,587","6,855",609,132,"44,336,355,844"
Rockville Centre Village,"24,129",22,1,,1,11,9,271,30,223,18,0,"582,208,641"
Rome,"32,557",47,4,,0,23,20,662,157,470,35,2,"1,059,958,249"
Rosendale Town,"6,026",1,0,,0,0,1,60,16,44,0,,"36,312,676"
Rotterdam Town,"29,146",33,2,,4,16,11,829,109,700,20,4,"849,489,316"
Rye Brook Village,"9,480",2,0,,0,2,0,88,9,77,2,0,"89,870,400"
Sag Harbor Village,"2,279",3,0,,0,1,2,71,17,53,1,0,"5,193,841"
Salamanca,"5,691",18,0,,1,2,15,155,38,105,12,,"32,387,481"
Sands Point Village,"2,715",0,0,,0,0,0,18,4,13,1,0,"7,371,225"
Saranac Lake Village,"5,369",26,1,,1,1,23,150,30,115,5,,"28,826,161"
Saratoga Springs,"27,081",33,1,,3,8,21,642,84,550,8,,"733,380,561"
Saugerties Town,"19,318",15,0,,3,5,7,319,51,268,0,0,"373,185,124"
Scarsdale Village,"17,564",1,0,,0,0,1,184,24,153,7,,"308,494,096"
Schenectady,"66,041",607,8,,31,203,365,"2,800",769,"1,878",153,,"4,361,413,681"
Schodack Town,"11,573",4,0,,0,1,3,97,25,70,2,,"133,934,329"
Schoharie Village,872,0,0,,0,0,0,0,0,0,0,0,"760,384"
Scotia Village,"7,700",5,1,,0,1,3,126,14,112,0,,"59,290,000"
Seneca Falls Town,"2,362",12,0,,0,1,11,292,49,238,5,,"5,579,044"
Shandaken Town,"3,043",4,0,,0,0,4,62,17,44,1,,"9,259,849"
Shawangunk Town,"14,205",3,0,,0,0,3,80,20,60,0,,"201,782,025"
Shelter Island Town,"2,412",3,0,,0,0,3,41,2,39,0,0,"5,817,744"
Sherburne Village,"1,351",1,0,,0,0,1,15,7,8,0,0,"1,825,201"
Sherrill,"3,064",4,0,,0,0,4,37,14,23,0,,"9,388,096"
Shortsville Village,"1,437",0,0,,0,0,0,0,0,0,0,0,"2,064,969"
Sidney Village,"3,805",7,0,,4,1,2,185,21,161,3,,"14,478,025"
Skaneateles Village,"2,450",0,0,,0,0,0,10,2,8,0,0,"6,002,500"
Sleepy Hollow Village,"9,996",8,1,,0,1,6,58,9,47,2,0,"99,920,016"
Sodus Village,"1,805",0,0,,0,0,0,24,2,22,0,,"3,258,025"
Solvay Village,"6,487",19,0,,0,6,13,186,38,142,6,0,"42,081,169"
Southampton Town,"50,603",44,0,,6,16,22,"1,020",219,752,49,1,"2,560,663,609"
Southampton Village,"3,161",3,0,,0,1,2,118,9,105,4,,"9,991,921"
South Glens Falls Village,"3,640",6,0,,1,1,4,114,17,95,2,,"13,249,600"
Southold Town,"19,963",12,0,,1,5,6,343,70,271,2,,"398,521,369"
Spring Valley Village,"32,288",132,2,,9,34,87,404,53,335,16,,"1,042,514,944"
Stillwater Town,"6,587",1,0,,0,0,1,24,4,18,2,1,"43,388,569"
St. Johnsville Village,"1,691",3,0,,0,0,3,47,8,39,0,,"2,859,481"
Stony Point Town,"15,307",12,0,,0,1,11,107,18,83,6,,"234,304,249"
Suffern Village,"10,886",9,0,,0,1,8,60,11,48,1,0,"118,504,996"
Syracuse,"143,834","1,192",21,,75,400,696,"6,473","1,781","4,298",394,57,"20,688,219,556"
Tarrytown Village,"11,449",6,0,,0,3,3,110,12,94,4,0,"131,079,601"
Ticonderoga Town,"4,982",11,0,,4,0,7,94,23,71,0,,"24,820,324"
Tonawanda,"14,987",34,0,,0,4,30,315,24,289,2,4,"224,610,169"
Tonawanda Town,"58,082",118,1,,5,26,86,"1,099",190,882,27,1,"3,373,518,724"
Troy,"49,898",371,1,,14,145,211,"1,985",593,"1,305",87,5,"2,489,810,404"
Trumansburg Village,"1,820",2,0,,1,1,0,66,6,58,2,,"3,312,400"
Tuckahoe Village,"6,578",0,0,,0,0,0,35,7,27,1,0,"43,270,084"
Tupper Lake Village,"3,642",3,0,,0,0,3,83,22,59,2,,"13,264,164"
Tuxedo Park Village,615,0,0,,0,0,0,0,0,0,0,0,"378,225"
Ulster Town,"12,195",14,0,,3,2,9,437,25,410,2,,"148,718,025"
Utica,"61,686",361,7,,27,102,225,"2,528",449,"1,997",82,,"3,805,162,596"
Vestal Town,"27,980",16,0,,2,6,8,571,39,523,9,,"782,880,400"
Walden Village,"6,887",18,1,,2,1,14,142,13,124,5,,"47,430,769"
Wallkill Town,"27,940",40,0,,3,16,21,767,91,650,26,1,"780,643,600"
Walton Village,"3,012",6,0,,1,0,5,68,18,50,0,,"9,072,144"
Warsaw Village,"3,453",6,0,,1,0,5,78,5,73,0,0,"11,923,209"
Washingtonville Village,"5,828",2,0,,0,1,1,58,5,51,2,0,"33,965,584"
Waterford Town and Village,"8,392",4,0,,0,0,4,59,6,52,1,0,"70,425,664"
Waterloo Village,"5,175",11,0,,0,3,8,194,23,169,2,,"26,780,625"
Watertown,"28,179",109,0,,12,16,81,"1,165",169,953,43,,"794,056,041"
Watervliet,"10,245",26,1,,3,11,11,242,58,163,21,,"104,960,025"
Watkins Glen Village,"1,862",6,0,,0,0,6,92,10,80,2,,"3,467,044"
Waverly Village,"4,337",5,0,,0,1,4,54,9,41,4,,"18,809,569"
Webster Town and Village,"43,777",21,0,,2,3,16,469,101,361,7,,"1,916,425,729"
Weedsport Village,"1,797",0,0,,0,0,0,25,5,20,0,0,"3,229,209"
Wellsville Village,"4,574",11,0,,1,0,10,164,32,129,3,1,"20,921,476"
Westhampton Beach Village,"1,732",2,0,,0,0,2,44,4,37,3,0,"2,999,824"
West Seneca Town,"44,821",35,1,,1,9,24,896,166,710,20,0,"2,008,922,041"
Whitehall Village,"2,604",6,0,,0,0,6,62,12,49,1,,"6,780,816"
White Plains,"57,559",78,1,,3,28,46,"1,232",77,"1,134",21,,"3,313,038,481"
Whitesboro Village,"3,733",4,0,,0,0,4,36,14,21,1,0,"13,935,289"
Whitestown Town,"9,141",0,0,,0,0,0,77,13,61,3,0,"83,557,881"
Woodbury Town,"10,685",3,0,,0,2,1,541,9,529,3,,"114,169,225"
Woodridge Village,829,7,0,,0,0,7,17,8,9,0,0,"687,241"
Woodstock Town,"5,931",2,0,,0,0,2,58,13,45,0,,"35,176,761"
Yonkers,"199,134","1,036",6,,25,390,615,"2,368",470,"1,662",236,10,"39,654,349,956"
Yorktown Town,"36,643",15,0,,0,2,13,334,45,287,2,,"1,342,709,449"
1 The figures shown in this column for the offense of rape were reported using the revised Uniform Crime Reporting (UCR) definition of rape.  See Data Declaration for further explanation.,,,,,,,,,,,,,
2 The figures shown in this column for the offense of rape were reported using the legacy UCR definition of rape.  See Data Declaration for further explanation.,,,,,,,,,,,,,
3 The FBI does not publish arson data unless it receives data from either the agency or the state for all 12 months of the calendar year.,,,,,,,,,,,,,